<?xml version="1.0" encoding="UTF-8"?>
<beans xmlns="http://www.springframework.org/schema/beans"
	xmlns:xsi="http://www.w3.org/2001/XMLSchema-instance"
	xsi:schemaLocation="http://www.springframework.org/schema/beans http://www.springframework.org/schema/beans/spring-beans.xsd">
<bean id="employee" class="com.cg.bean.Employee" >
<!-- Setter for value injection -->
<property name="employeeId" value="1"></property> 
<property name="employeeName" value="Varsha"></property> 
<property name="salary" value="20000"></property> 
<property name="businessUnit" value="BU"></property> 
<property name="age" value="23"></property> 
</bean>

</beans>
