<?xml version="1.0" encoding="UTF-8"?>
<beans xmlns="http://www.springframework.org/schema/beans"
	xmlns:xsi="http://www.w3.org/2001/XMLSchema-instance"
	xsi:schemaLocation="http://www.springframework.org/schema/beans http://www.springframework.org/schema/beans/spring-beans.xsd">
	<bean class="com.cg.bean.Employee" id="e5">
		<property value="1" name="empId" />
		<property value="Laxmi" name="empName" />
		<property value="35000" name="salary" />
	</bean>

	<bean class="com.cg.bean.Employee" id="e6">
		<property value="2" name="empId" />
		<property value="Sapana" name="empName" />
		<property value="45000" name="salary" />
	</bean>

	<bean class="com.cg.bean.EmployeeCollection" id="e7">
		<property name="empMap">
			<map>
				<entry value-ref="e5" key="1" />
				<entry value-ref="e6" key="2" />
			</map>
		</property>
	</bean>

</beans>
